socioeconomic_status,Selection Rate,Recall (Sensitivity),Precision
0,0.46,1.0,0.7391304347826086
1,0.4230769230769231,1.0,0.9090909090909091
2,0.41304347826086957,1.0,0.8421052631578947
