age_bucket,Selection Rate,Recall (Sensitivity),Precision
18-22,0.4864864864864865,1.0,0.7777777777777778
23-27,0.4117647058823529,1.0,0.8928571428571429
28-35,0.42105263157894735,1.0,0.85
