socioeconomic_status,Selection Rate,Recall (Sensitivity),Precision
0,0.38095238095238093,1.0,0.875
1,0.423728813559322,0.9523809523809523,0.8
2,0.4,0.8823529411764706,0.9375
